{"cameraMode":{"drawMode":0,"name":"Shaded","section":"Shading Mode"},"sceneLighting":false,"audioPlay":false,"sceneViewState":{"showFog":true,"showMaterialUpdate":false,"showSkybox":false,"showFlares":true,"showImageEffects":true,"showParticleSystems":true},"in2DMode":false,"pivot":{"x":43.3000373840332,"y":0.0000019073486328125,"z":-66.96627807617188},"rotation":{"x":-0.2025899738073349,"y":0.7297800779342651,"z":-0.24412016570568086,"w":-0.6056334972381592},"size":57.545005798339847,"orthographic":false}