{"cameraMode":{"drawMode":0,"name":"Shaded","section":"Shading Mode"},"sceneLighting":true,"audioPlay":false,"sceneViewState":{"showFog":true,"showMaterialUpdate":true,"showSkybox":true,"showFlares":true,"showImageEffects":true,"showParticleSystems":true},"in2DMode":false,"pivot":{"x":-9.895718574523926,"y":-7.002904891967773,"z":1.4227962493896485},"rotation":{"x":0.23280462622642518,"y":-0.5001214146614075,"z":0.14164888858795167,"w":0.8219667673110962},"size":14.463871002197266,"orthographic":false}